{
  "The lake should be fun": [
    25.002,
    25.002
  ],
  "Go to the park": [
    25.002,
    75.002
  ],
  "Let's get lunch": [
    75.002,
    25.002
  ],
  "Clean the house": [
    75.002,
    75.002
  ],
  "park": [
    43.10849611008386,
    89.63617187461553
  ],
  "clean": [
    99.6563055258362,
    93.82260570552161
  ],
  "wash": [
    62.90575533356223,
    92.8067856108768
  ],
  "lunch": [
    55.82491245382365,
    51.9346081045211
  ],
  "dinner": [
    63.23934683905509,
    0.18665626142509995
  ],
  "lunchroom": [
    89.0825764406642,
    32.89007214155851
  ],
  "playdates": [
    50.626225591500926,
    12.976457539426633
  ],
  "playground": [
    43.88847028515127,
    91.34070346386505
  ],
  "enjoy": [
    4.9203579482867354,
    4.597243719823818
  ],
  "wipe": [
    80.65846558600343,
    85.07810609039129
  ],
  "house": [
    67.824473397185,
    77.50988807892656
  ],
  "meal": [
    75.58346895982045,
    23.856170201371462
  ],
  "eat": [
    68.70619002415509,
    12.06478633243483
  ],
  "visit": [
    4.312208520353744,
    96.40270195122068
  ],
  "houses": [
    96.09905024727603,
    86.25448984751503
  ],
  "lake": [
    6.10308355406779,
    25.221876727214376
  ],
  "soup": [
    76.03716663415602,
    20.984356762123944
  ],
  "zoo": [
    30.97957757366435,
    70.91913994362372
  ],
  "vacation": [
    6.04690013980197,
    60.01817202020554
  ],
  "party": [
    19.056730218155238,
    37.47358605665817
  ],
  "scrub": [
    82.08062845055633,
    83.29075857539104
  ],
  "bath": [
    54.51991796220834,
    86.18757503420352
  ],
  "yard": [
    5.831769893997086,
    73.71609916010513
  ],
  "swim": [
    28.024842249664104,
    82.35905552237854
  ],
  "cool": [
    9.954224826230352,
    33.77786992434062
  ],
  "tidy": [
    72.23796686049059,
    64.70532910625502
  ],
  "pleasant": [
    1.9438602378552994,
    15.07324439850828
  ],
  "food": [
    62.533613717148285,
    38.75913104843415
  ],
  "camp": [
    17.86763307182665,
    70.76717891889774
  ],
  "exciting": [
    19.11255768732002,
    26.491251351742374
  ],
  "cook": [
    91.96533515711766,
    58.47358427085588
  ],
  "lettuce": [
    92.6234427130652,
    9.760846645138187
  ],
  "talk": [
    83.28396996179848,
    30.496885306038337
  ],
  "room": [
    93.04386832284426,
    59.96203700887286
  ],
  "rinse": [
    95.30721606595772,
    87.07496639399615
  ],
  "ski": [
    2.407113203624389,
    3.3011318940030066
  ],
  "bathe": [
    95.49817202105805,
    85.52823924235747
  ],
  "drink": [
    49.73081019549635,
    1.1025462109739537
  ],
  "lean": [
    44.848143842758724,
    98.0099977829415
  ],
  "spotless": [
    90.90431979621762,
    69.88876778123803
  ],
  "boat": [
    24.124917521757606,
    15.33593873639968
  ],
  "upbeat": [
    40.67339061771879,
    13.115808992991962
  ],
  "paddle": [
    15.659203614653915,
    31.060405290472694
  ],
  "holiday": [
    43.77967792393177,
    27.96106907392891
  ],
  "clear": [
    77.63762999885083,
    88.7150354550007
  ],
  "school": [
    99.09906868198445,
    1.4610756894828714
  ],
  "meeting": [
    80.39815603226008,
    20.083377227042696
  ],
  "busy": [
    52.53711807342878,
    22.797684225197035
  ],
  "play": [
    33.95282521477091,
    66.22479569361407
  ],
  "day": [
    96.40674857210335,
    4.807519705156016
  ],
  "hour": [
    79.68721536673004,
    9.657564324237256
  ],
  "skate": [
    30.7964111383354,
    73.59036083030563
  ],
  "parkish": [
    12.870626007815943,
    77.88183388537553
  ],
  "greet": [
    73.80262115829339,
    34.37355957365613
  ],
  "nice": [
    25.385597859967646,
    16.649178354450946
  ],
  "motorboating": [
    19.64381281823726,
    20.55421720022984
  ],
  "unclean": [
    71.08405238732955,
    73.46863650137576
  ],
  "brush": [
    74.02234946286642,
    66.89820601047649
  ],
  "good": [
    11.665704824300981,
    20.734814667486702
  ],
  "summer": [
    30.932416997043298,
    28.401953669706703
  ],
  "entertaining": [
    26.654202223439828,
    21.491902965843344
  ],
  "hungry": [
    68.14622201150057,
    27.951652367473113
  ],
  "lick": [
    66.09015924608904,
    29.09856778549068
  ],
  "bathroom": [
    68.77902202833414,
    80.04863529544085
  ],
  "jog": [
    22.726391203486696,
    83.83188201910343
  ],
  "tasty": [
    65.21320651103977,
    21.87750513739408
  ],
  "pray": [
    88.23821495194639,
    78.66091047878705
  ],
  "dirty": [
    72.3422913325777,
    85.14388940424273
  ]
}